{
  "meta": {
    "generated_at": "2026-02-25T03:47:38.102902Z",
    "description": "Expanded evidence payload keyed by KPI id."
  },
  "evidence": {
    "KPI-SCHED-01": [
      {
        "type": "deliverable",
        "id": "charter_v0",
        "doc_path": "sor/deliverables.yml"
      },
      {
        "type": "deliverable",
        "id": "working_agreements",
        "doc_path": "sor/deliverables.yml"
      },
      {
        "type": "deliverable",
        "id": "pre_m3_defs",
        "doc_path": "sor/deliverables.yml"
      },
      {
        "type": "deliverable",
        "id": "pre_m3_risks_ops",
        "doc_path": "sor/deliverables.yml"
      },
      {
        "type": "deliverable",
        "id": "policy_principles",
        "doc_path": "sor/deliverables.yml"
      },
      {
        "type": "deliverable",
        "id": "D-RSB-1",
        "doc_path": "sor/deliverables.yml"
      },
      {
        "type": "deliverable",
        "id": "rec_outline_risk_register",
        "doc_path": "sor/deliverables.yml"
      },
      {
        "type": "deliverable",
        "id": "D-POL-1",
        "doc_path": "sor/deliverables.yml"
      },
      {
        "type": "deliverable",
        "id": "D-CPX-1",
        "doc_path": "sor/deliverables.yml"
      },
      {
        "type": "deliverable",
        "id": "D-AIN-1",
        "doc_path": "sor/deliverables.yml"
      },
      {
        "type": "deliverable",
        "id": "D-DPS-1",
        "doc_path": "sor/deliverables.yml"
      },
      {
        "type": "deliverable",
        "id": "D-EQA-1",
        "doc_path": "sor/deliverables.yml"
      }
    ],
    "KPI-SCHED-02": [
      {
        "type": "deliverable",
        "id": "policy_principles",
        "doc_path": "sor/deliverables.yml"
      }
    ],
    "KPI-SCHED-03": [
      {
        "type": "deliverable",
        "id": "rec_outline_risk_register",
        "doc_path": "sor/deliverables.yml"
      },
      {
        "type": "deliverable",
        "id": "D-AIN-1",
        "doc_path": "sor/deliverables.yml"
      },
      {
        "type": "deliverable",
        "id": "D-EQA-1",
        "doc_path": "sor/deliverables.yml"
      },
      {
        "type": "deliverable",
        "id": "m5_draft_sections",
        "doc_path": "sor/deliverables.yml"
      },
      {
        "type": "deliverable",
        "id": "near_final_package",
        "doc_path": "sor/deliverables.yml"
      },
      {
        "type": "deliverable",
        "id": "D-CCI-1",
        "doc_path": "sor/deliverables.yml"
      },
      {
        "type": "deliverable",
        "id": "D-IPC-1",
        "doc_path": "sor/deliverables.yml"
      },
      {
        "type": "deliverable",
        "id": "final_talk_track",
        "doc_path": "sor/deliverables.yml"
      },
      {
        "type": "deliverable",
        "id": "committee_response",
        "doc_path": "sor/deliverables.yml"
      }
    ],
    "KPI-SCHED-04": [],
    "KPI-CONV-01": [],
    "KPI-CONV-02": [],
    "KPI-CONV-03": [],
    "KPI-CONV-04": [
      {
        "type": "issue",
        "id": "PLACEHOLDER-DOD",
        "doc_path": "public/quality_report.json"
      }
    ],
    "KPI-CONV-05": [],
    "KPI-CONV-06": [],
    "KPI-CONV-07": [
      {
        "type": "doc",
        "id": "docs/CONVENTIONS.md",
        "doc_path": "docs/CONVENTIONS.md"
      },
      {
        "type": "doc",
        "id": "docs/schema_notes.md",
        "doc_path": "docs/schema_notes.md"
      }
    ],
    "KPI-CONV-08": [
      {
        "type": "doc",
        "id": "docs/CONVENTIONS.md",
        "doc_path": "docs/CONVENTIONS.md"
      },
      {
        "type": "doc",
        "id": "docs/schema_notes.md",
        "doc_path": "docs/schema_notes.md"
      }
    ],
    "KPI-CONV-09": [],
    "KPI-CONV-10": [
      {
        "type": "deliverable",
        "id": "policy_principles",
        "doc_path": "sor/deliverables.yml"
      }
    ],
    "KPI-FRESH-01": [],
    "KPI-FRESH-02": [],
    "KPI-FRESH-03": [],
    "KPI-PUB-01": [
      {
        "type": "deliverable",
        "id": "charter_v0",
        "doc_path": "sor/deliverables.yml"
      },
      {
        "type": "deliverable",
        "id": "working_agreements",
        "doc_path": "sor/deliverables.yml"
      },
      {
        "type": "deliverable",
        "id": "pre_m3_defs",
        "doc_path": "sor/deliverables.yml"
      },
      {
        "type": "deliverable",
        "id": "pre_m3_risks_ops",
        "doc_path": "sor/deliverables.yml"
      },
      {
        "type": "deliverable",
        "id": "policy_principles",
        "doc_path": "sor/deliverables.yml"
      },
      {
        "type": "deliverable",
        "id": "D-RSB-1",
        "doc_path": "sor/deliverables.yml"
      },
      {
        "type": "deliverable",
        "id": "rec_outline_risk_register",
        "doc_path": "sor/deliverables.yml"
      },
      {
        "type": "deliverable",
        "id": "D-POL-1",
        "doc_path": "sor/deliverables.yml"
      },
      {
        "type": "deliverable",
        "id": "D-CPX-1",
        "doc_path": "sor/deliverables.yml"
      },
      {
        "type": "deliverable",
        "id": "D-AIN-1",
        "doc_path": "sor/deliverables.yml"
      },
      {
        "type": "deliverable",
        "id": "D-DPS-1",
        "doc_path": "sor/deliverables.yml"
      },
      {
        "type": "deliverable",
        "id": "D-EQA-1",
        "doc_path": "sor/deliverables.yml"
      },
      {
        "type": "deliverable",
        "id": "m5_draft_sections",
        "doc_path": "sor/deliverables.yml"
      },
      {
        "type": "deliverable",
        "id": "near_final_package",
        "doc_path": "sor/deliverables.yml"
      },
      {
        "type": "deliverable",
        "id": "D-CCI-1",
        "doc_path": "sor/deliverables.yml"
      },
      {
        "type": "deliverable",
        "id": "D-IPC-1",
        "doc_path": "sor/deliverables.yml"
      },
      {
        "type": "deliverable",
        "id": "final_talk_track",
        "doc_path": "sor/deliverables.yml"
      },
      {
        "type": "deliverable",
        "id": "committee_response",
        "doc_path": "sor/deliverables.yml"
      }
    ],
    "KPI-PUB-02": [],
    "KPI-READY-01": [],
    "KPI-READY-02": [],
    "KPI-READY-03": [
      {
        "type": "deliverable",
        "id": "D-AIN-1",
        "doc_path": "sor/deliverables.yml"
      },
      {
        "type": "deliverable",
        "id": "D-CCI-1",
        "doc_path": "sor/deliverables.yml"
      },
      {
        "type": "deliverable",
        "id": "D-CPX-1",
        "doc_path": "sor/deliverables.yml"
      },
      {
        "type": "deliverable",
        "id": "D-DPS-1",
        "doc_path": "sor/deliverables.yml"
      },
      {
        "type": "deliverable",
        "id": "D-EQA-1",
        "doc_path": "sor/deliverables.yml"
      },
      {
        "type": "deliverable",
        "id": "D-IPC-1",
        "doc_path": "sor/deliverables.yml"
      },
      {
        "type": "deliverable",
        "id": "D-POL-1",
        "doc_path": "sor/deliverables.yml"
      },
      {
        "type": "deliverable",
        "id": "D-RSB-1",
        "doc_path": "sor/deliverables.yml"
      },
      {
        "type": "deliverable",
        "id": "charter_v0",
        "doc_path": "sor/deliverables.yml"
      },
      {
        "type": "deliverable",
        "id": "committee_response",
        "doc_path": "sor/deliverables.yml"
      },
      {
        "type": "deliverable",
        "id": "final_talk_track",
        "doc_path": "sor/deliverables.yml"
      },
      {
        "type": "deliverable",
        "id": "m5_draft_sections",
        "doc_path": "sor/deliverables.yml"
      },
      {
        "type": "deliverable",
        "id": "near_final_package",
        "doc_path": "sor/deliverables.yml"
      },
      {
        "type": "deliverable",
        "id": "policy_principles",
        "doc_path": "sor/deliverables.yml"
      },
      {
        "type": "deliverable",
        "id": "pre_m3_defs",
        "doc_path": "sor/deliverables.yml"
      },
      {
        "type": "deliverable",
        "id": "pre_m3_risks_ops",
        "doc_path": "sor/deliverables.yml"
      },
      {
        "type": "deliverable",
        "id": "rec_outline_risk_register",
        "doc_path": "sor/deliverables.yml"
      },
      {
        "type": "deliverable",
        "id": "working_agreements",
        "doc_path": "sor/deliverables.yml"
      }
    ],
    "KPI-READY-04": [
      {
        "type": "deliverable",
        "id": "D-AIN-1",
        "doc_path": "sor/deliverables.yml"
      },
      {
        "type": "deliverable",
        "id": "D-CCI-1",
        "doc_path": "sor/deliverables.yml"
      },
      {
        "type": "deliverable",
        "id": "D-CPX-1",
        "doc_path": "sor/deliverables.yml"
      },
      {
        "type": "deliverable",
        "id": "D-DPS-1",
        "doc_path": "sor/deliverables.yml"
      },
      {
        "type": "deliverable",
        "id": "D-EQA-1",
        "doc_path": "sor/deliverables.yml"
      },
      {
        "type": "deliverable",
        "id": "D-IPC-1",
        "doc_path": "sor/deliverables.yml"
      },
      {
        "type": "deliverable",
        "id": "D-POL-1",
        "doc_path": "sor/deliverables.yml"
      },
      {
        "type": "deliverable",
        "id": "D-RSB-1",
        "doc_path": "sor/deliverables.yml"
      },
      {
        "type": "deliverable",
        "id": "charter_v0",
        "doc_path": "sor/deliverables.yml"
      },
      {
        "type": "deliverable",
        "id": "committee_response",
        "doc_path": "sor/deliverables.yml"
      },
      {
        "type": "deliverable",
        "id": "final_talk_track",
        "doc_path": "sor/deliverables.yml"
      },
      {
        "type": "deliverable",
        "id": "m5_draft_sections",
        "doc_path": "sor/deliverables.yml"
      },
      {
        "type": "deliverable",
        "id": "near_final_package",
        "doc_path": "sor/deliverables.yml"
      },
      {
        "type": "deliverable",
        "id": "policy_principles",
        "doc_path": "sor/deliverables.yml"
      },
      {
        "type": "deliverable",
        "id": "pre_m3_defs",
        "doc_path": "sor/deliverables.yml"
      },
      {
        "type": "deliverable",
        "id": "pre_m3_risks_ops",
        "doc_path": "sor/deliverables.yml"
      },
      {
        "type": "deliverable",
        "id": "rec_outline_risk_register",
        "doc_path": "sor/deliverables.yml"
      },
      {
        "type": "deliverable",
        "id": "working_agreements",
        "doc_path": "sor/deliverables.yml"
      }
    ],
    "KPI-READY-05": [
      {
        "type": "deliverable",
        "id": "D-AIN-1",
        "doc_path": "sor/deliverables.yml"
      },
      {
        "type": "deliverable",
        "id": "D-CCI-1",
        "doc_path": "sor/deliverables.yml"
      },
      {
        "type": "deliverable",
        "id": "D-CPX-1",
        "doc_path": "sor/deliverables.yml"
      },
      {
        "type": "deliverable",
        "id": "D-DPS-1",
        "doc_path": "sor/deliverables.yml"
      },
      {
        "type": "deliverable",
        "id": "D-EQA-1",
        "doc_path": "sor/deliverables.yml"
      },
      {
        "type": "deliverable",
        "id": "D-IPC-1",
        "doc_path": "sor/deliverables.yml"
      },
      {
        "type": "deliverable",
        "id": "D-POL-1",
        "doc_path": "sor/deliverables.yml"
      },
      {
        "type": "deliverable",
        "id": "D-RSB-1",
        "doc_path": "sor/deliverables.yml"
      },
      {
        "type": "deliverable",
        "id": "charter_v0",
        "doc_path": "sor/deliverables.yml"
      },
      {
        "type": "deliverable",
        "id": "committee_response",
        "doc_path": "sor/deliverables.yml"
      },
      {
        "type": "deliverable",
        "id": "final_talk_track",
        "doc_path": "sor/deliverables.yml"
      },
      {
        "type": "deliverable",
        "id": "m5_draft_sections",
        "doc_path": "sor/deliverables.yml"
      },
      {
        "type": "deliverable",
        "id": "near_final_package",
        "doc_path": "sor/deliverables.yml"
      },
      {
        "type": "deliverable",
        "id": "policy_principles",
        "doc_path": "sor/deliverables.yml"
      },
      {
        "type": "deliverable",
        "id": "pre_m3_defs",
        "doc_path": "sor/deliverables.yml"
      },
      {
        "type": "deliverable",
        "id": "pre_m3_risks_ops",
        "doc_path": "sor/deliverables.yml"
      },
      {
        "type": "deliverable",
        "id": "rec_outline_risk_register",
        "doc_path": "sor/deliverables.yml"
      },
      {
        "type": "deliverable",
        "id": "working_agreements",
        "doc_path": "sor/deliverables.yml"
      }
    ]
  }
}