{
  "meta": {
    "generated_at": "2026-02-25T16:49:58.230544Z",
    "sources": [
      "sor/workstreams.yml",
      "sor/timeline.yml",
      "sor/deliverables.yml",
      "public/ref_index.json"
    ]
  },
  "summary_counts": {
    "error": 0,
    "warning": 3,
    "info": 1
  },
  "issues": [
    {
      "severity": "info",
      "code": "PLACEHOLDER-MARKDOWN",
      "message": "Markdown supporting docs include TBD/TODO/??? tokens.",
      "evidence": [
        {
          "doc_path": "governance_docs/FCCPS_AIAC_Deliverables_Index.md"
        },
        {
          "doc_path": "governance_docs/Meetings/02 - Meeting 06-FEB-26/20260205_One-page-Team-Charter v1.0 (for Feb 6 review + vote).md"
        },
        {
          "doc_path": "governance_docs/Workstreams/rsb/Shared Baseline v01.md"
        },
        {
          "doc_path": "project_files/Meetings/02 - Meeting 06-FEB-26/20260205_One-page-Team-Charter v1.0 (for Feb 6 review + vote).md"
        },
        {
          "doc_path": "project_files/workstreams/rsb/Shared Baseline v01.md"
        }
      ]
    },
    {
      "severity": "warning",
      "code": "DRIFT-WORKSTREAM-IDS",
      "message": "SoR workstream IDs and doc-extracted WS-* IDs are not fully aligned.",
      "evidence": [
        {
          "docs_not_in_sor": [
            "WS-001",
            "WS-002",
            "WS-003",
            "WS-XXX"
          ],
          "sor_not_in_docs": []
        }
      ]
    },
    {
      "severity": "warning",
      "code": "INSTRUMENTATION-PRINCIPLES",
      "message": "No deliverables currently include principle_refs.",
      "evidence": [
        {
          "deliverable_count": 18
        }
      ]
    },
    {
      "severity": "warning",
      "code": "INSTRUMENTATION-RISKS",
      "message": "No deliverables currently include risk_refs.",
      "evidence": [
        {
          "deliverable_count": 18
        }
      ]
    }
  ],
  "metrics": {
    "deliverable_principle_refs_pct": 0.0,
    "deliverable_risk_refs_pct": 0.0,
    "docs_with_principles_pct": 2.666666666666667,
    "docs_with_risks_pct": 2.666666666666667,
    "sor_vs_docs_workstream_drift": {
      "sor_count": 8,
      "docs_count": 12,
      "docs_not_in_sor": [
        "WS-001",
        "WS-002",
        "WS-003",
        "WS-XXX"
      ],
      "sor_not_in_docs": [],
      "mismatch_count": 4
    }
  }
}