{
  "meta": {
    "generated_at": "2026-02-25T03:47:37.817434Z",
    "scanned_files_count": 75,
    "skipped_files_count": 47,
    "note_if_docx_skipped": "docx parsing skipped in v1; markdown corpus only"
  },
  "docs": [
    {
      "doc_path": "CHANGELOG_PUBLIC.md",
      "doc_type": "md",
      "last_modified_iso": "2026-02-24T12:32:44-05:00",
      "extracted": {
        "principle_ids": [],
        "risk_ids": [],
        "workstream_ids": [],
        "deliverable_ids": [],
        "milestone_ids": []
      },
      "anchors": {}
    },
    {
      "doc_path": "docs/CONVENTIONS.md",
      "doc_type": "md",
      "last_modified_iso": "2026-02-24T15:51:29-05:00",
      "extracted": {
        "principle_ids": [
          "P-01",
          "P-03"
        ],
        "risk_ids": [
          "R-02",
          "R-09"
        ],
        "workstream_ids": [
          "WS-AIN",
          "WS-POL"
        ],
        "deliverable_ids": [
          "D-AIN-1",
          "D-POL-1"
        ],
        "milestone_ids": []
      },
      "anchors": {
        "principle_ids": 9,
        "risk_ids": 10,
        "workstream_ids": 11,
        "deliverable_ids": 12
      }
    },
    {
      "doc_path": "docs/KPI_TAXONOMY.md",
      "doc_type": "md",
      "last_modified_iso": "2026-02-24T15:51:29-05:00",
      "extracted": {
        "principle_ids": [],
        "risk_ids": [],
        "workstream_ids": [],
        "deliverable_ids": [],
        "milestone_ids": []
      },
      "anchors": {}
    },
    {
      "doc_path": "docs/WINDOWS_TASKS.md",
      "doc_type": "md",
      "last_modified_iso": "2026-02-24T17:01:19-05:00",
      "extracted": {
        "principle_ids": [],
        "risk_ids": [],
        "workstream_ids": [],
        "deliverable_ids": [],
        "milestone_ids": []
      },
      "anchors": {}
    },
    {
      "doc_path": "docs/admin_editing.md",
      "doc_type": "md",
      "last_modified_iso": "2026-02-23T21:38:34-05:00",
      "extracted": {
        "principle_ids": [],
        "risk_ids": [],
        "workstream_ids": [],
        "deliverable_ids": [],
        "milestone_ids": []
      },
      "anchors": {}
    },
    {
      "doc_path": "docs/governance_rule.md",
      "doc_type": "md",
      "last_modified_iso": "2026-02-23T16:35:34-05:00",
      "extracted": {
        "principle_ids": [],
        "risk_ids": [],
        "workstream_ids": [],
        "deliverable_ids": [],
        "milestone_ids": []
      },
      "anchors": {}
    },
    {
      "doc_path": "docs/schema_notes.md",
      "doc_type": "md",
      "last_modified_iso": "2026-02-24T12:30:47-05:00",
      "extracted": {
        "principle_ids": [
          "P-001",
          "P-002"
        ],
        "risk_ids": [
          "R-001"
        ],
        "workstream_ids": [
          "WS-001",
          "WS-002",
          "WS-003",
          "WS-XXX"
        ],
        "deliverable_ids": [],
        "milestone_ids": []
      },
      "anchors": {
        "workstream_ids": 34,
        "principle_ids": 102,
        "risk_ids": 103
      }
    },
    {
      "doc_path": "governance_docs/FCCPS School Board/20250812_Policy-BCF_Advisory-Committees-to-the-School-Board.md",
      "doc_type": "md",
      "last_modified_iso": "2026-02-24T12:30:47-05:00",
      "extracted": {
        "principle_ids": [],
        "risk_ids": [],
        "workstream_ids": [],
        "deliverable_ids": [],
        "milestone_ids": []
      },
      "anchors": {}
    },
    {
      "doc_path": "governance_docs/FCCPS School Board/FCCPS-Advisory-Board-Agenda-&-Meeting-Minutes-Template.md",
      "doc_type": "md",
      "last_modified_iso": "2026-02-24T12:30:47-05:00",
      "extracted": {
        "principle_ids": [],
        "risk_ids": [],
        "workstream_ids": [],
        "deliverable_ids": [],
        "milestone_ids": []
      },
      "anchors": {}
    },
    {
      "doc_path": "governance_docs/FCCPS School Board/School-Board-Advisory-_Committee-Training.md",
      "doc_type": "md",
      "last_modified_iso": "2026-02-24T12:30:47-05:00",
      "extracted": {
        "principle_ids": [],
        "risk_ids": [],
        "workstream_ids": [],
        "deliverable_ids": [],
        "milestone_ids": []
      },
      "anchors": {}
    },
    {
      "doc_path": "governance_docs/FCCPS-AI-Advisory-Committee_Workstream-Development-Summary-and-Assignments.md",
      "doc_type": "md",
      "last_modified_iso": "2026-02-23T18:27:06-05:00",
      "extracted": {
        "principle_ids": [],
        "risk_ids": [],
        "workstream_ids": [
          "WS-AIN",
          "WS-CCI",
          "WS-CPX",
          "WS-DPS",
          "WS-EQA",
          "WS-IPC",
          "WS-POL",
          "WS-RSB"
        ],
        "deliverable_ids": [
          "D-AIN-1",
          "D-CCI-1",
          "D-CPX-1",
          "D-DPS-1",
          "D-EQA-1",
          "D-IPC-1",
          "D-POL-1",
          "D-RSB-1"
        ],
        "milestone_ids": []
      },
      "anchors": {
        "workstream_ids": 30,
        "deliverable_ids": 47
      }
    },
    {
      "doc_path": "governance_docs/FCCPS_AIAC_Decision_Change_Log.md",
      "doc_type": "md",
      "last_modified_iso": "2026-02-23T18:27:06-05:00",
      "extracted": {
        "principle_ids": [],
        "risk_ids": [],
        "workstream_ids": [
          "WS-AIN",
          "WS-CPX",
          "WS-DPS",
          "WS-EQA",
          "WS-IPC",
          "WS-POL"
        ],
        "deliverable_ids": [],
        "milestone_ids": [
          "ms_policy_principles"
        ]
      },
      "anchors": {
        "workstream_ids": 16,
        "milestone_ids": 17
      }
    },
    {
      "doc_path": "governance_docs/FCCPS_AIAC_Deliverables_Index.md",
      "doc_type": "md",
      "last_modified_iso": "2026-02-23T18:27:06-05:00",
      "extracted": {
        "principle_ids": [],
        "risk_ids": [],
        "workstream_ids": [
          "WS-AIN",
          "WS-CCI",
          "WS-CPX",
          "WS-DPS",
          "WS-EQA",
          "WS-IPC",
          "WS-POL",
          "WS-RSB"
        ],
        "deliverable_ids": [
          "D-AIN-1",
          "D-CCI-1",
          "D-CPX-1",
          "D-DPS-1",
          "D-EQA-1",
          "D-IPC-1",
          "D-POL-1",
          "D-RSB-1"
        ],
        "milestone_ids": [
          "ms_board_ready",
          "ms_draft_sections_complete",
          "ms_policy_principles"
        ]
      },
      "anchors": {
        "workstream_ids": 13,
        "deliverable_ids": 16,
        "milestone_ids": 17
      }
    },
    {
      "doc_path": "governance_docs/FCCPS_AIAC_Master_Timeline_Workstream_Aligned.md",
      "doc_type": "md",
      "last_modified_iso": "2026-02-23T18:27:06-05:00",
      "extracted": {
        "principle_ids": [],
        "risk_ids": [],
        "workstream_ids": [
          "WS-AIN",
          "WS-CCI",
          "WS-CPX",
          "WS-DPS",
          "WS-EQA",
          "WS-IPC",
          "WS-POL",
          "WS-RSB"
        ],
        "deliverable_ids": [
          "D-AIN-1",
          "D-CCI-1",
          "D-CPX-1",
          "D-DPS-1",
          "D-EQA-1",
          "D-IPC-1",
          "D-POL-1",
          "D-RSB-1"
        ],
        "milestone_ids": [
          "ms_board_ready",
          "ms_draft_sections_complete",
          "ms_final_recs",
          "ms_policy_principles"
        ]
      },
      "anchors": {
        "workstream_ids": 76,
        "milestone_ids": 96,
        "deliverable_ids": 125
      }
    },
    {
      "doc_path": "governance_docs/FCCPS_AIAC_Workstreams_Registry.md",
      "doc_type": "md",
      "last_modified_iso": "2026-02-23T18:27:06-05:00",
      "extracted": {
        "principle_ids": [],
        "risk_ids": [],
        "workstream_ids": [
          "WS-AIN",
          "WS-CCI",
          "WS-CPX",
          "WS-DPS",
          "WS-EQA",
          "WS-IPC",
          "WS-POL",
          "WS-RSB"
        ],
        "deliverable_ids": [
          "D-AIN-1",
          "D-CCI-1",
          "D-CPX-1",
          "D-DPS-1",
          "D-EQA-1",
          "D-IPC-1",
          "D-POL-1",
          "D-RSB-1"
        ],
        "milestone_ids": []
      },
      "anchors": {
        "workstream_ids": 10,
        "deliverable_ids": 10
      }
    },
    {
      "doc_path": "governance_docs/Meetings/01 - Meeting 23-JAN-26/20260123 FCCPS AI Advisory Committee Pre-Meeting and Inauguration Meeting.md",
      "doc_type": "md",
      "last_modified_iso": "2026-02-24T12:30:47-05:00",
      "extracted": {
        "principle_ids": [],
        "risk_ids": [],
        "workstream_ids": [],
        "deliverable_ids": [],
        "milestone_ids": []
      },
      "anchors": {}
    },
    {
      "doc_path": "governance_docs/Meetings/01 - Meeting 23-JAN-26/20260123_FCCPS_AI_Advisory_Committee_Agenda_and_Minutes.md",
      "doc_type": "md",
      "last_modified_iso": "2026-02-24T12:30:47-05:00",
      "extracted": {
        "principle_ids": [],
        "risk_ids": [],
        "workstream_ids": [],
        "deliverable_ids": [],
        "milestone_ids": []
      },
      "anchors": {}
    },
    {
      "doc_path": "governance_docs/Meetings/02 - Meeting 06-FEB-26/01 Updated 60-minute agenda (with Team Charter vote).md",
      "doc_type": "md",
      "last_modified_iso": "2026-02-24T12:30:47-05:00",
      "extracted": {
        "principle_ids": [],
        "risk_ids": [],
        "workstream_ids": [],
        "deliverable_ids": [],
        "milestone_ids": []
      },
      "anchors": {}
    },
    {
      "doc_path": "governance_docs/Meetings/02 - Meeting 06-FEB-26/06-FEB-26_Run-of-Show.md",
      "doc_type": "md",
      "last_modified_iso": "2026-02-24T12:30:47-05:00",
      "extracted": {
        "principle_ids": [],
        "risk_ids": [],
        "workstream_ids": [],
        "deliverable_ids": [],
        "milestone_ids": []
      },
      "anchors": {}
    },
    {
      "doc_path": "governance_docs/Meetings/02 - Meeting 06-FEB-26/20260205_One-page-Team-Charter v0.9 (update to v1.0 for Feb 6 review + in-person vote).md",
      "doc_type": "md",
      "last_modified_iso": "2026-02-24T12:30:47-05:00",
      "extracted": {
        "principle_ids": [],
        "risk_ids": [],
        "workstream_ids": [],
        "deliverable_ids": [],
        "milestone_ids": []
      },
      "anchors": {}
    },
    {
      "doc_path": "governance_docs/Meetings/02 - Meeting 06-FEB-26/20260205_One-page-Team-Charter v1.0 (for Feb 6 review + vote).md",
      "doc_type": "md",
      "last_modified_iso": "2026-02-24T12:30:47-05:00",
      "extracted": {
        "principle_ids": [],
        "risk_ids": [],
        "workstream_ids": [],
        "deliverable_ids": [],
        "milestone_ids": []
      },
      "anchors": {}
    },
    {
      "doc_path": "governance_docs/Meetings/02 - Meeting 06-FEB-26/20260206_FCCPS_AI_Advisory_Committee_Minutes.md",
      "doc_type": "md",
      "last_modified_iso": "2026-02-24T12:30:47-05:00",
      "extracted": {
        "principle_ids": [],
        "risk_ids": [],
        "workstream_ids": [],
        "deliverable_ids": [],
        "milestone_ids": []
      },
      "anchors": {}
    },
    {
      "doc_path": "governance_docs/Meetings/02 - Meeting 06-FEB-26/FCCPS AI Advisory Committee Meeting - Shared Baseline_otter_ai.md",
      "doc_type": "md",
      "last_modified_iso": "2026-02-24T12:30:47-05:00",
      "extracted": {
        "principle_ids": [],
        "risk_ids": [],
        "workstream_ids": [],
        "deliverable_ids": [],
        "milestone_ids": []
      },
      "anchors": {}
    },
    {
      "doc_path": "governance_docs/Meetings/03 - Meeting 20-FEB-26/20260220_FCCPS-AI-Advisory-Committee-Meeting-3_Meeting-Transcript_otter_ai.md",
      "doc_type": "md",
      "last_modified_iso": "2026-02-24T12:30:47-05:00",
      "extracted": {
        "principle_ids": [],
        "risk_ids": [],
        "workstream_ids": [],
        "deliverable_ids": [],
        "milestone_ids": []
      },
      "anchors": {}
    },
    {
      "doc_path": "governance_docs/Meetings/03 - Meeting 20-FEB-26/20260220_FCCPS_AI_Advisory_Committee_Mtg-3_Agenda.md",
      "doc_type": "md",
      "last_modified_iso": "2026-02-24T12:30:47-05:00",
      "extracted": {
        "principle_ids": [],
        "risk_ids": [],
        "workstream_ids": [],
        "deliverable_ids": [],
        "milestone_ids": []
      },
      "anchors": {}
    },
    {
      "doc_path": "governance_docs/Meetings/20251007 FCCPS School Board Announces Comprehensive AI Policy Development Process (720p60fps)_otter_ai.md",
      "doc_type": "md",
      "last_modified_iso": "2026-02-24T12:30:47-05:00",
      "extracted": {
        "principle_ids": [],
        "risk_ids": [],
        "workstream_ids": [],
        "deliverable_ids": [],
        "milestone_ids": []
      },
      "anchors": {}
    },
    {
      "doc_path": "governance_docs/Meetings/FCCPS Sample Advisory Board Agenda & Minutes.md",
      "doc_type": "md",
      "last_modified_iso": "2026-02-24T12:30:47-05:00",
      "extracted": {
        "principle_ids": [],
        "risk_ids": [],
        "workstream_ids": [],
        "deliverable_ids": [],
        "milestone_ids": []
      },
      "anchors": {}
    },
    {
      "doc_path": "governance_docs/Members' Corners/Jillian Burkley/Jillians-Corner_concat.md",
      "doc_type": "md",
      "last_modified_iso": "2026-02-24T12:30:47-05:00",
      "extracted": {
        "principle_ids": [],
        "risk_ids": [],
        "workstream_ids": [],
        "deliverable_ids": [],
        "milestone_ids": []
      },
      "anchors": {}
    },
    {
      "doc_path": "governance_docs/Members' Corners/Jillian Burkley/Jillians_Corner_AIEIP_Reformatted.md",
      "doc_type": "md",
      "last_modified_iso": "2026-02-24T12:30:47-05:00",
      "extracted": {
        "principle_ids": [],
        "risk_ids": [],
        "workstream_ids": [
          "WS-DPS"
        ],
        "deliverable_ids": [],
        "milestone_ids": []
      },
      "anchors": {
        "workstream_ids": 1
      }
    },
    {
      "doc_path": "governance_docs/Plans/001_Cognitive-Pipeline-Table.md",
      "doc_type": "md",
      "last_modified_iso": "2026-02-24T12:30:47-05:00",
      "extracted": {
        "principle_ids": [],
        "risk_ids": [],
        "workstream_ids": [],
        "deliverable_ids": [],
        "milestone_ids": []
      },
      "anchors": {}
    },
    {
      "doc_path": "governance_docs/Plans/002_Stateoftheart-AI-reasoning-systems-partially-mirror-human-cognitive-science.md",
      "doc_type": "md",
      "last_modified_iso": "2026-02-24T12:30:47-05:00",
      "extracted": {
        "principle_ids": [],
        "risk_ids": [],
        "workstream_ids": [],
        "deliverable_ids": [],
        "milestone_ids": []
      },
      "anchors": {}
    },
    {
      "doc_path": "governance_docs/Plans/003_Human-Machine-Teaming.md",
      "doc_type": "md",
      "last_modified_iso": "2026-02-24T12:30:47-05:00",
      "extracted": {
        "principle_ids": [],
        "risk_ids": [],
        "workstream_ids": [],
        "deliverable_ids": [],
        "milestone_ids": []
      },
      "anchors": {}
    },
    {
      "doc_path": "governance_docs/Plans/004_Cognitive-Pipeline-Applied-as-a-K12-HumanAI-Teaming-Scaffold.md",
      "doc_type": "md",
      "last_modified_iso": "2026-02-24T12:30:47-05:00",
      "extracted": {
        "principle_ids": [],
        "risk_ids": [],
        "workstream_ids": [],
        "deliverable_ids": [],
        "milestone_ids": []
      },
      "anchors": {}
    },
    {
      "doc_path": "governance_docs/Plans/005_AI-Integrated-Ecosystem-Project-for-Grade-7.md",
      "doc_type": "md",
      "last_modified_iso": "2026-02-24T12:30:47-05:00",
      "extracted": {
        "principle_ids": [],
        "risk_ids": [],
        "workstream_ids": [],
        "deliverable_ids": [],
        "milestone_ids": []
      },
      "anchors": {}
    },
    {
      "doc_path": "governance_docs/Plans/006_Approach-to-Policy-Development.md",
      "doc_type": "md",
      "last_modified_iso": "2026-02-24T12:30:47-05:00",
      "extracted": {
        "principle_ids": [],
        "risk_ids": [],
        "workstream_ids": [],
        "deliverable_ids": [],
        "milestone_ids": []
      },
      "anchors": {}
    },
    {
      "doc_path": "governance_docs/Plans/Webcast- A new direction for AI & students Findings from the Brookings Global Task Force on AI and Education_otter_ai.md",
      "doc_type": "md",
      "last_modified_iso": "2026-02-24T12:30:47-05:00",
      "extracted": {
        "principle_ids": [],
        "risk_ids": [],
        "workstream_ids": [],
        "deliverable_ids": [],
        "milestone_ids": []
      },
      "anchors": {}
    },
    {
      "doc_path": "governance_docs/Policy_Recommendations_Process_and_Timeline.md",
      "doc_type": "md",
      "last_modified_iso": "2026-02-23T18:27:06-05:00",
      "extracted": {
        "principle_ids": [],
        "risk_ids": [],
        "workstream_ids": [],
        "deliverable_ids": [],
        "milestone_ids": [
          "ms_board_ready",
          "ms_draft_sections_complete",
          "ms_final_recs",
          "ms_policy_principles"
        ]
      },
      "anchors": {
        "milestone_ids": 79
      }
    },
    {
      "doc_path": "governance_docs/Pre-Read Resources/A-New-Direction-for-Students-in-an-AI-World-FULL-REPORT.md",
      "doc_type": "md",
      "last_modified_iso": "2026-02-24T12:30:47-05:00",
      "extracted": {
        "principle_ids": [],
        "risk_ids": [],
        "workstream_ids": [],
        "deliverable_ids": [
          "D-IND-"
        ],
        "milestone_ids": []
      },
      "anchors": {
        "deliverable_ids": 3435
      }
    },
    {
      "doc_path": "governance_docs/Pre-Read Resources/Artificial-Intelligence and-APS.md",
      "doc_type": "md",
      "last_modified_iso": "2026-02-24T12:30:47-05:00",
      "extracted": {
        "principle_ids": [],
        "risk_ids": [],
        "workstream_ids": [],
        "deliverable_ids": [],
        "milestone_ids": []
      },
      "anchors": {}
    },
    {
      "doc_path": "governance_docs/Workstream_Assignments_FCCPS_AI_Advisory_Committee.md",
      "doc_type": "md",
      "last_modified_iso": "2026-02-23T18:27:06-05:00",
      "extracted": {
        "principle_ids": [],
        "risk_ids": [],
        "workstream_ids": [],
        "deliverable_ids": [],
        "milestone_ids": []
      },
      "anchors": {}
    },
    {
      "doc_path": "governance_docs/Workstreams/dps/20250214_FCCPS-AI_Advisory-Committee-WS-DPS_(Jillian_Burke)_otter_ai.md",
      "doc_type": "md",
      "last_modified_iso": "2026-02-24T12:30:47-05:00",
      "extracted": {
        "principle_ids": [],
        "risk_ids": [],
        "workstream_ids": [
          "WS-DPS"
        ],
        "deliverable_ids": [],
        "milestone_ids": []
      },
      "anchors": {
        "workstream_ids": 1
      }
    },
    {
      "doc_path": "governance_docs/Workstreams/dps/WS-DPS_Co-Lead_Sync_Pre-Brief_John-to-Jillian.md",
      "doc_type": "md",
      "last_modified_iso": "2026-02-24T12:30:47-05:00",
      "extracted": {
        "principle_ids": [],
        "risk_ids": [],
        "workstream_ids": [
          "WS-DPS"
        ],
        "deliverable_ids": [],
        "milestone_ids": []
      },
      "anchors": {
        "workstream_ids": 1
      }
    },
    {
      "doc_path": "governance_docs/Workstreams/dps/WS-DPS_JohnEdits_ChangeLog.md",
      "doc_type": "md",
      "last_modified_iso": "2026-02-24T12:30:47-05:00",
      "extracted": {
        "principle_ids": [],
        "risk_ids": [],
        "workstream_ids": [
          "WS-DPS"
        ],
        "deliverable_ids": [],
        "milestone_ids": []
      },
      "anchors": {
        "workstream_ids": 1
      }
    },
    {
      "doc_path": "governance_docs/Workstreams/rsb/Shared Baseline v01.md",
      "doc_type": "md",
      "last_modified_iso": "2026-02-24T12:30:47-05:00",
      "extracted": {
        "principle_ids": [],
        "risk_ids": [],
        "workstream_ids": [],
        "deliverable_ids": [],
        "milestone_ids": []
      },
      "anchors": {}
    },
    {
      "doc_path": "project_files/FCCPS School Board/20250812_Policy-BCF_Advisory-Committees-to-the-School-Board.md",
      "doc_type": "md",
      "last_modified_iso": "2026-02-24T15:51:29-05:00",
      "extracted": {
        "principle_ids": [],
        "risk_ids": [],
        "workstream_ids": [],
        "deliverable_ids": [],
        "milestone_ids": []
      },
      "anchors": {}
    },
    {
      "doc_path": "project_files/FCCPS School Board/FCCPS-Advisory-Board-Agenda-&-Meeting-Minutes-Template.md",
      "doc_type": "md",
      "last_modified_iso": "2026-02-24T15:51:29-05:00",
      "extracted": {
        "principle_ids": [],
        "risk_ids": [],
        "workstream_ids": [],
        "deliverable_ids": [],
        "milestone_ids": []
      },
      "anchors": {}
    },
    {
      "doc_path": "project_files/FCCPS School Board/School-Board-Advisory-_Committee-Training.md",
      "doc_type": "md",
      "last_modified_iso": "2026-02-24T15:51:29-05:00",
      "extracted": {
        "principle_ids": [],
        "risk_ids": [],
        "workstream_ids": [],
        "deliverable_ids": [],
        "milestone_ids": []
      },
      "anchors": {}
    },
    {
      "doc_path": "project_files/Meetings/01 - Meeting 23-JAN-26/20260123 FCCPS AI Advisory Committee Pre-Meeting and Inauguration Meeting.md",
      "doc_type": "md",
      "last_modified_iso": "2026-02-24T15:51:29-05:00",
      "extracted": {
        "principle_ids": [],
        "risk_ids": [],
        "workstream_ids": [],
        "deliverable_ids": [],
        "milestone_ids": []
      },
      "anchors": {}
    },
    {
      "doc_path": "project_files/Meetings/01 - Meeting 23-JAN-26/20260123_FCCPS_AI_Advisory_Committee_Agenda_and_Minutes.md",
      "doc_type": "md",
      "last_modified_iso": "2026-02-24T15:51:29-05:00",
      "extracted": {
        "principle_ids": [],
        "risk_ids": [],
        "workstream_ids": [],
        "deliverable_ids": [],
        "milestone_ids": []
      },
      "anchors": {}
    },
    {
      "doc_path": "project_files/Meetings/02 - Meeting 06-FEB-26/01 Updated 60-minute agenda (with Team Charter vote).md",
      "doc_type": "md",
      "last_modified_iso": "2026-02-24T15:51:29-05:00",
      "extracted": {
        "principle_ids": [],
        "risk_ids": [],
        "workstream_ids": [],
        "deliverable_ids": [],
        "milestone_ids": []
      },
      "anchors": {}
    },
    {
      "doc_path": "project_files/Meetings/02 - Meeting 06-FEB-26/06-FEB-26_Run-of-Show.md",
      "doc_type": "md",
      "last_modified_iso": "2026-02-24T15:51:29-05:00",
      "extracted": {
        "principle_ids": [],
        "risk_ids": [],
        "workstream_ids": [],
        "deliverable_ids": [],
        "milestone_ids": []
      },
      "anchors": {}
    },
    {
      "doc_path": "project_files/Meetings/02 - Meeting 06-FEB-26/20260205_One-page-Team-Charter v0.9 (update to v1.0 for Feb 6 review + in-person vote).md",
      "doc_type": "md",
      "last_modified_iso": "2026-02-24T15:51:29-05:00",
      "extracted": {
        "principle_ids": [],
        "risk_ids": [],
        "workstream_ids": [],
        "deliverable_ids": [],
        "milestone_ids": []
      },
      "anchors": {}
    },
    {
      "doc_path": "project_files/Meetings/02 - Meeting 06-FEB-26/20260205_One-page-Team-Charter v1.0 (for Feb 6 review + vote).md",
      "doc_type": "md",
      "last_modified_iso": "2026-02-24T15:51:29-05:00",
      "extracted": {
        "principle_ids": [],
        "risk_ids": [],
        "workstream_ids": [],
        "deliverable_ids": [],
        "milestone_ids": []
      },
      "anchors": {}
    },
    {
      "doc_path": "project_files/Meetings/02 - Meeting 06-FEB-26/20260206_FCCPS_AI_Advisory_Committee_Minutes.md",
      "doc_type": "md",
      "last_modified_iso": "2026-02-24T15:51:29-05:00",
      "extracted": {
        "principle_ids": [],
        "risk_ids": [],
        "workstream_ids": [],
        "deliverable_ids": [],
        "milestone_ids": []
      },
      "anchors": {}
    },
    {
      "doc_path": "project_files/Meetings/02 - Meeting 06-FEB-26/FCCPS AI Advisory Committee Meeting - Shared Baseline_otter_ai.md",
      "doc_type": "md",
      "last_modified_iso": "2026-02-24T15:51:29-05:00",
      "extracted": {
        "principle_ids": [],
        "risk_ids": [],
        "workstream_ids": [],
        "deliverable_ids": [],
        "milestone_ids": []
      },
      "anchors": {}
    },
    {
      "doc_path": "project_files/Meetings/03 - Meeting 20-FEB-26/20260220_FCCPS-AI-Advisory-Committee-Meeting-3_Meeting-Transcript_otter_ai.md",
      "doc_type": "md",
      "last_modified_iso": "2026-02-24T15:51:29-05:00",
      "extracted": {
        "principle_ids": [],
        "risk_ids": [],
        "workstream_ids": [],
        "deliverable_ids": [],
        "milestone_ids": []
      },
      "anchors": {}
    },
    {
      "doc_path": "project_files/Meetings/03 - Meeting 20-FEB-26/20260220_FCCPS_AI_Advisory_Committee_Mtg-3_Agenda.md",
      "doc_type": "md",
      "last_modified_iso": "2026-02-24T15:51:29-05:00",
      "extracted": {
        "principle_ids": [],
        "risk_ids": [],
        "workstream_ids": [],
        "deliverable_ids": [],
        "milestone_ids": []
      },
      "anchors": {}
    },
    {
      "doc_path": "project_files/Meetings/20251007 FCCPS School Board Announces Comprehensive AI Policy Development Process (720p60fps)_otter_ai.md",
      "doc_type": "md",
      "last_modified_iso": "2026-02-24T15:51:29-05:00",
      "extracted": {
        "principle_ids": [],
        "risk_ids": [],
        "workstream_ids": [],
        "deliverable_ids": [],
        "milestone_ids": []
      },
      "anchors": {}
    },
    {
      "doc_path": "project_files/Meetings/FCCPS Sample Advisory Board Agenda & Minutes.md",
      "doc_type": "md",
      "last_modified_iso": "2026-02-24T15:51:29-05:00",
      "extracted": {
        "principle_ids": [],
        "risk_ids": [],
        "workstream_ids": [],
        "deliverable_ids": [],
        "milestone_ids": []
      },
      "anchors": {}
    },
    {
      "doc_path": "project_files/Members' Corners/Jillian Burkley/Jillians-Corner_concat.md",
      "doc_type": "md",
      "last_modified_iso": "2026-02-24T15:51:29-05:00",
      "extracted": {
        "principle_ids": [],
        "risk_ids": [],
        "workstream_ids": [],
        "deliverable_ids": [],
        "milestone_ids": []
      },
      "anchors": {}
    },
    {
      "doc_path": "project_files/Members' Corners/Jillian Burkley/Jillians_Corner_AIEIP_Reformatted.md",
      "doc_type": "md",
      "last_modified_iso": "2026-02-24T15:51:29-05:00",
      "extracted": {
        "principle_ids": [],
        "risk_ids": [],
        "workstream_ids": [
          "WS-DPS"
        ],
        "deliverable_ids": [],
        "milestone_ids": []
      },
      "anchors": {
        "workstream_ids": 1
      }
    },
    {
      "doc_path": "project_files/Members' Corners/John Black/001_Cognitive-Pipeline-Table.md",
      "doc_type": "md",
      "last_modified_iso": "2026-02-24T15:51:29-05:00",
      "extracted": {
        "principle_ids": [],
        "risk_ids": [],
        "workstream_ids": [],
        "deliverable_ids": [],
        "milestone_ids": []
      },
      "anchors": {}
    },
    {
      "doc_path": "project_files/Members' Corners/John Black/002_Stateoftheart-AI-reasoning-systems-partially-mirror-human-cognitive-science.md",
      "doc_type": "md",
      "last_modified_iso": "2026-02-24T15:51:29-05:00",
      "extracted": {
        "principle_ids": [],
        "risk_ids": [],
        "workstream_ids": [],
        "deliverable_ids": [],
        "milestone_ids": []
      },
      "anchors": {}
    },
    {
      "doc_path": "project_files/Members' Corners/John Black/003_Human-Machine-Teaming.md",
      "doc_type": "md",
      "last_modified_iso": "2026-02-24T15:51:29-05:00",
      "extracted": {
        "principle_ids": [],
        "risk_ids": [],
        "workstream_ids": [],
        "deliverable_ids": [],
        "milestone_ids": []
      },
      "anchors": {}
    },
    {
      "doc_path": "project_files/Members' Corners/John Black/004_Cognitive-Pipeline-Applied-as-a-K12-HumanAI-Teaming-Scaffold.md",
      "doc_type": "md",
      "last_modified_iso": "2026-02-24T15:51:29-05:00",
      "extracted": {
        "principle_ids": [],
        "risk_ids": [],
        "workstream_ids": [],
        "deliverable_ids": [],
        "milestone_ids": []
      },
      "anchors": {}
    },
    {
      "doc_path": "project_files/Members' Corners/John Black/005_AI-Integrated-Ecosystem-Project-for-Grade-7.md",
      "doc_type": "md",
      "last_modified_iso": "2026-02-24T15:51:29-05:00",
      "extracted": {
        "principle_ids": [],
        "risk_ids": [],
        "workstream_ids": [],
        "deliverable_ids": [],
        "milestone_ids": []
      },
      "anchors": {}
    },
    {
      "doc_path": "project_files/Members' Corners/John Black/006_Approach-to-Policy-Development.md",
      "doc_type": "md",
      "last_modified_iso": "2026-02-24T15:51:29-05:00",
      "extracted": {
        "principle_ids": [],
        "risk_ids": [],
        "workstream_ids": [],
        "deliverable_ids": [],
        "milestone_ids": []
      },
      "anchors": {}
    },
    {
      "doc_path": "project_files/Members' Corners/John Black/Webcast- A new direction for AI & students Findings from the Brookings Global Task Force on AI and Education_otter_ai.md",
      "doc_type": "md",
      "last_modified_iso": "2026-02-24T15:51:29-05:00",
      "extracted": {
        "principle_ids": [],
        "risk_ids": [],
        "workstream_ids": [],
        "deliverable_ids": [],
        "milestone_ids": []
      },
      "anchors": {}
    },
    {
      "doc_path": "project_files/Pre-Read Resources/A-New-Direction-for-Students-in-an-AI-World-FULL-REPORT.md",
      "doc_type": "md",
      "last_modified_iso": "2026-02-24T15:51:29-05:00",
      "extracted": {
        "principle_ids": [],
        "risk_ids": [],
        "workstream_ids": [],
        "deliverable_ids": [
          "D-IND-"
        ],
        "milestone_ids": []
      },
      "anchors": {
        "deliverable_ids": 3435
      }
    },
    {
      "doc_path": "project_files/Pre-Read Resources/Artificial-Intelligence and-APS.md",
      "doc_type": "md",
      "last_modified_iso": "2026-02-24T15:51:29-05:00",
      "extracted": {
        "principle_ids": [],
        "risk_ids": [],
        "workstream_ids": [],
        "deliverable_ids": [],
        "milestone_ids": []
      },
      "anchors": {}
    },
    {
      "doc_path": "project_files/README.md",
      "doc_type": "md",
      "last_modified_iso": "2026-02-24T15:51:29-05:00",
      "extracted": {
        "principle_ids": [],
        "risk_ids": [],
        "workstream_ids": [],
        "deliverable_ids": [],
        "milestone_ids": []
      },
      "anchors": {}
    },
    {
      "doc_path": "project_files/workstreams/dps/20250214_FCCPS-AI_Advisory-Committee-WS-DPS_(Jillian_Burke)_otter_ai.md",
      "doc_type": "md",
      "last_modified_iso": "2026-02-24T16:30:54-05:00",
      "extracted": {
        "principle_ids": [],
        "risk_ids": [],
        "workstream_ids": [
          "WS-DPS"
        ],
        "deliverable_ids": [],
        "milestone_ids": []
      },
      "anchors": {
        "workstream_ids": 1
      }
    },
    {
      "doc_path": "project_files/workstreams/dps/WS-DPS_Co-Lead_Sync_Pre-Brief_John-to-Jillian.md",
      "doc_type": "md",
      "last_modified_iso": "2026-02-24T16:30:54-05:00",
      "extracted": {
        "principle_ids": [],
        "risk_ids": [],
        "workstream_ids": [
          "WS-DPS"
        ],
        "deliverable_ids": [],
        "milestone_ids": []
      },
      "anchors": {
        "workstream_ids": 1
      }
    },
    {
      "doc_path": "project_files/workstreams/dps/WS-DPS_JohnEdits_ChangeLog.md",
      "doc_type": "md",
      "last_modified_iso": "2026-02-24T16:30:54-05:00",
      "extracted": {
        "principle_ids": [],
        "risk_ids": [],
        "workstream_ids": [
          "WS-DPS"
        ],
        "deliverable_ids": [],
        "milestone_ids": []
      },
      "anchors": {
        "workstream_ids": 1
      }
    },
    {
      "doc_path": "project_files/workstreams/rsb/Shared Baseline v01.md",
      "doc_type": "md",
      "last_modified_iso": "2026-02-24T16:30:54-05:00",
      "extracted": {
        "principle_ids": [],
        "risk_ids": [],
        "workstream_ids": [],
        "deliverable_ids": [],
        "milestone_ids": []
      },
      "anchors": {}
    }
  ]
}