{
  "meta": {
    "generated_at": "2026-02-25T20:57:22.261806Z",
    "timezone": "America/New_York",
    "schema_version": "0.2"
  },
  "taxonomy": {
    "categories": {
      "schedule": "Timeline and readiness metrics for near-term execution.",
      "convergence": "Internal consistency and linkage quality across SoR and docs.",
      "freshness": "How recent SoR and supporting documents are.",
      "publicability": "Publish-safe artifact hygiene checks."
    },
    "kpi_definitions": {
      "KPI-SCHED-01": "Next gate readiness",
      "KPI-SCHED-02": "Overdue deliverables",
      "KPI-SCHED-03": "Blocked dependency rate",
      "KPI-SCHED-04": "Pre-read readiness",
      "KPI-CONV-01": "SoR reference integrity",
      "KPI-CONV-02": "Ownership completeness",
      "KPI-CONV-03": "Gate mapping completeness",
      "KPI-CONV-04": "Definition-of-done completeness",
      "KPI-CONV-05": "Principle linkage coverage",
      "KPI-CONV-06": "Risk linkage coverage",
      "KPI-CONV-07": "Cross-doc principle coverage",
      "KPI-CONV-08": "Cross-doc risk coverage",
      "KPI-CONV-09": "Risk-to-principle mapping readiness",
      "KPI-CONV-10": "Milestone gating consistency",
      "KPI-FRESH-01": "SoR recency",
      "KPI-FRESH-02": "Public artifacts recency",
      "KPI-FRESH-03": "Foundation docs recency",
      "KPI-PUB-01": "Public link hygiene",
      "KPI-PUB-02": "PII lint on public outputs"
    }
  },
  "summary": {
    "overall_status": "red",
    "kpi_counts": {
      "green": 7,
      "yellow": 4,
      "red": 6,
      "gray": 2
    }
  },
  "kpis": [
    {
      "id": "KPI-SCHED-01",
      "category": "schedule",
      "name": "Next gate readiness",
      "status": "red",
      "score": 41,
      "description": "Share of deliverables due before next gate that are complete.",
      "rules": [
        "Score = completed_due_before_gate / due_before_gate * 100."
      ],
      "evidence": [
        {
          "type": "deliverable",
          "id": "charter_v0"
        },
        {
          "type": "deliverable",
          "id": "working_agreements"
        },
        {
          "type": "deliverable",
          "id": "pre_m3_defs"
        },
        {
          "type": "deliverable",
          "id": "pre_m3_risks_ops"
        },
        {
          "type": "deliverable",
          "id": "policy_principles"
        },
        {
          "type": "deliverable",
          "id": "D-RSB-1"
        },
        {
          "type": "deliverable",
          "id": "rec_outline_risk_register"
        },
        {
          "type": "deliverable",
          "id": "D-POL-1"
        },
        {
          "type": "deliverable",
          "id": "D-CPX-1"
        },
        {
          "type": "deliverable",
          "id": "D-AIN-1"
        },
        {
          "type": "deliverable",
          "id": "D-DPS-1"
        },
        {
          "type": "deliverable",
          "id": "D-EQA-1"
        }
      ],
      "details": {
        "instrumented": true,
        "next_gate_id": "m4",
        "next_gate_date": "2026-03-06",
        "due_before_gate": 12,
        "ready_count": 5
      }
    },
    {
      "id": "KPI-SCHED-02",
      "category": "schedule",
      "name": "Overdue deliverables",
      "status": "yellow",
      "score": 75,
      "description": "Count and severity of overdue deliverables.",
      "rules": [
        "Penalty combines overdue count and max overdue days."
      ],
      "evidence": [
        {
          "type": "deliverable",
          "id": "policy_principles"
        }
      ],
      "details": {
        "overdue_count": 1,
        "max_days_overdue": 5
      }
    },
    {
      "id": "KPI-SCHED-03",
      "category": "schedule",
      "name": "Blocked dependency rate",
      "status": "red",
      "score": 40,
      "description": "Deliverables blocked by unmet dependencies.",
      "rules": [
        "Score = (1 - blocked_rate) * 100."
      ],
      "evidence": [
        {
          "type": "deliverable",
          "id": "rec_outline_risk_register"
        },
        {
          "type": "deliverable",
          "id": "D-AIN-1"
        },
        {
          "type": "deliverable",
          "id": "D-EQA-1"
        },
        {
          "type": "deliverable",
          "id": "m5_draft_sections"
        },
        {
          "type": "deliverable",
          "id": "near_final_package"
        },
        {
          "type": "deliverable",
          "id": "D-CCI-1"
        },
        {
          "type": "deliverable",
          "id": "D-IPC-1"
        },
        {
          "type": "deliverable",
          "id": "final_talk_track"
        },
        {
          "type": "deliverable",
          "id": "committee_response"
        }
      ],
      "details": {
        "deliverables_with_dependencies": 15,
        "blocked_count": 9
      }
    },
    {
      "id": "KPI-SCHED-04",
      "category": "schedule",
      "name": "Pre-read readiness",
      "status": "gray",
      "score": null,
      "description": "Readiness of pre-read deliverables for the next gate.",
      "rules": [
        "No explicit pre-read fields in timeline; KPI is not instrumented."
      ],
      "evidence": [],
      "details": {
        "instrumented": false
      }
    },
    {
      "id": "KPI-CONV-01",
      "category": "convergence",
      "name": "SoR reference integrity",
      "status": "yellow",
      "score": 80,
      "description": "No dangling IDs across SoR references.",
      "rules": [
        "ID-* issues from quality report reduce score."
      ],
      "evidence": [
        {
          "type": "issue",
          "id": "ID-DANGLING-WORKSTREAM"
        }
      ],
      "details": {
        "id_issue_count": 1
      }
    },
    {
      "id": "KPI-CONV-02",
      "category": "convergence",
      "name": "Ownership completeness",
      "status": "green",
      "score": 100,
      "description": "Deliverables and workstreams have assigned owners/leads.",
      "rules": [
        "Owner-related quality issues reduce score."
      ],
      "evidence": [],
      "details": {
        "owner_issue_count": 0
      }
    },
    {
      "id": "KPI-CONV-03",
      "category": "convergence",
      "name": "Gate mapping completeness",
      "status": "green",
      "score": 100,
      "description": "Deliverables map to valid timeline checkpoints.",
      "rules": [
        "Missing or invalid checkpoint mappings reduce score."
      ],
      "evidence": [],
      "details": {
        "gate_issue_count": 0
      }
    },
    {
      "id": "KPI-CONV-04",
      "category": "convergence",
      "name": "DoD completeness and placeholder-free",
      "status": "green",
      "score": 100,
      "description": "Definition-of-done is sufficiently detailed and not placeholder text.",
      "rules": [
        "Placeholder DoD bullets reduce score."
      ],
      "evidence": [
        {
          "type": "issue",
          "id": "PLACEHOLDER-DOD"
        }
      ],
      "details": {
        "placeholder_dod_issues": 0
      }
    },
    {
      "id": "KPI-CONV-05",
      "category": "convergence",
      "name": "Principle linkage coverage",
      "status": "yellow",
      "score": 70,
      "description": "Percent of deliverables with principle_refs.",
      "rules": [
        "Coverage = deliverables with principle_refs / total deliverables."
      ],
      "evidence": [],
      "details": {
        "coverage_pct": 0,
        "authoritative_source": "derived from references"
      }
    },
    {
      "id": "KPI-CONV-06",
      "category": "convergence",
      "name": "Risk linkage coverage",
      "status": "yellow",
      "score": 70,
      "description": "Percent of deliverables with risk_refs.",
      "rules": [
        "Coverage = deliverables with risk_refs / total deliverables."
      ],
      "evidence": [],
      "details": {
        "coverage_pct": 0,
        "authoritative_source": "derived from references"
      }
    },
    {
      "id": "KPI-CONV-07",
      "category": "convergence",
      "name": "Cross-doc principle coverage",
      "status": "red",
      "score": 2,
      "description": "Percent of scanned docs that reference at least one principle ID.",
      "rules": [
        "Green >=70, yellow >=40, red <40."
      ],
      "evidence": [
        {
          "type": "doc",
          "id": "docs/CONVENTIONS.md"
        },
        {
          "type": "doc",
          "id": "docs/schema_notes.md"
        }
      ],
      "details": {
        "coverage_pct": 2,
        "scanned_docs": 75
      }
    },
    {
      "id": "KPI-CONV-08",
      "category": "convergence",
      "name": "Cross-doc risk coverage",
      "status": "red",
      "score": 2,
      "description": "Percent of scanned docs that reference at least one risk ID.",
      "rules": [
        "Green >=70, yellow >=40, red <40."
      ],
      "evidence": [
        {
          "type": "doc",
          "id": "docs/CONVENTIONS.md"
        },
        {
          "type": "doc",
          "id": "docs/schema_notes.md"
        }
      ],
      "details": {
        "coverage_pct": 2,
        "scanned_docs": 75
      }
    },
    {
      "id": "KPI-CONV-09",
      "category": "convergence",
      "name": "Risk→principle mapping readiness",
      "status": "gray",
      "score": null,
      "description": "Coverage of risk IDs linked to principle IDs.",
      "rules": [
        "No risk register found; KPI not instrumented."
      ],
      "evidence": [],
      "details": {
        "instrumented": false
      }
    },
    {
      "id": "KPI-CONV-10",
      "category": "convergence",
      "name": "Milestone gating consistency",
      "status": "red",
      "score": 5,
      "description": "Deliverables are checkpointed against milestone gates.",
      "rules": [
        "Deliverables should be mapped to ms_* checkpoint IDs when applicable."
      ],
      "evidence": [
        {
          "type": "deliverable",
          "id": "policy_principles"
        }
      ],
      "details": {
        "milestones": [
          "ms_board_ready",
          "ms_draft_sections_complete",
          "ms_final_recs",
          "ms_policy_principles"
        ],
        "mapped_deliverables": 1,
        "total_deliverables": 18
      }
    },
    {
      "id": "KPI-FRESH-01",
      "category": "freshness",
      "name": "SoR recency",
      "status": "green",
      "score": 100,
      "description": "SoR files updated within freshness window.",
      "rules": [
        "Files older than 7 days are stale."
      ],
      "evidence": [],
      "details": {
        "stale_sor_files": [],
        "threshold_days": 7
      }
    },
    {
      "id": "KPI-FRESH-02",
      "category": "freshness",
      "name": "Public artifacts recency",
      "status": "green",
      "score": 100,
      "description": "Derived public artifacts are freshly generated.",
      "rules": [
        "Public artifacts should be updated within 7 days."
      ],
      "evidence": [],
      "details": {
        "stale_public_artifacts": []
      }
    },
    {
      "id": "KPI-FRESH-03",
      "category": "freshness",
      "name": "Foundation docs recency",
      "status": "green",
      "score": 95,
      "description": "Recency profile for governance_docs and project_files updates.",
      "rules": [
        "If no foundation docs updated in >14 days => yellow; >30 days => red."
      ],
      "evidence": [],
      "details": {
        "oldest_age_days": 2,
        "sample_count": 205
      }
    },
    {
      "id": "KPI-PUB-01",
      "category": "publicability",
      "name": "Public link hygiene",
      "status": "red",
      "score": 16,
      "description": "Deliverables must have public_url or committee_only=true.",
      "rules": [
        "Missing visibility metadata reduces score."
      ],
      "evidence": [
        {
          "type": "deliverable",
          "id": "charter_v0"
        },
        {
          "type": "deliverable",
          "id": "working_agreements"
        },
        {
          "type": "deliverable",
          "id": "pre_m3_defs"
        },
        {
          "type": "deliverable",
          "id": "pre_m3_risks_ops"
        },
        {
          "type": "deliverable",
          "id": "policy_principles"
        },
        {
          "type": "deliverable",
          "id": "D-RSB-1"
        },
        {
          "type": "deliverable",
          "id": "rec_outline_risk_register"
        },
        {
          "type": "deliverable",
          "id": "D-POL-1"
        },
        {
          "type": "deliverable",
          "id": "D-CPX-1"
        },
        {
          "type": "deliverable",
          "id": "D-AIN-1"
        },
        {
          "type": "deliverable",
          "id": "D-DPS-1"
        },
        {
          "type": "deliverable",
          "id": "D-EQA-1"
        },
        {
          "type": "deliverable",
          "id": "m5_draft_sections"
        },
        {
          "type": "deliverable",
          "id": "D-CCI-1"
        },
        {
          "type": "deliverable",
          "id": "D-IPC-1"
        }
      ],
      "details": {
        "non_compliant": [
          {
            "id": "charter_v0",
            "reason": "missing_public_url_or_committee_only"
          },
          {
            "id": "working_agreements",
            "reason": "missing_public_url_or_committee_only"
          },
          {
            "id": "pre_m3_defs",
            "reason": "missing_public_url_or_committee_only"
          },
          {
            "id": "pre_m3_risks_ops",
            "reason": "missing_public_url_or_committee_only"
          },
          {
            "id": "policy_principles",
            "reason": "missing_public_url_or_committee_only"
          },
          {
            "id": "D-RSB-1",
            "reason": "missing_public_url_or_committee_only"
          },
          {
            "id": "rec_outline_risk_register",
            "reason": "missing_public_url_or_committee_only"
          },
          {
            "id": "D-POL-1",
            "reason": "missing_public_url_or_committee_only"
          },
          {
            "id": "D-CPX-1",
            "reason": "missing_public_url_or_committee_only"
          },
          {
            "id": "D-AIN-1",
            "reason": "missing_public_url_or_committee_only"
          },
          {
            "id": "D-DPS-1",
            "reason": "missing_public_url_or_committee_only"
          },
          {
            "id": "D-EQA-1",
            "reason": "missing_public_url_or_committee_only"
          },
          {
            "id": "m5_draft_sections",
            "reason": "missing_public_url_or_committee_only"
          },
          {
            "id": "D-CCI-1",
            "reason": "missing_public_url_or_committee_only"
          },
          {
            "id": "D-IPC-1",
            "reason": "missing_public_url_or_committee_only"
          }
        ]
      }
    },
    {
      "id": "KPI-PUB-02",
      "category": "publicability",
      "name": "PII lint",
      "status": "green",
      "score": 100,
      "description": "Public outputs should not include email addresses.",
      "rules": [
        "Any email-like token in public/*.json is red."
      ],
      "evidence": [],
      "details": {
        "pii_files": []
      }
    }
  ]
}